이름,생성일,태그
"*.yml, *.conf, Dockerfile 등 설정 파일",2023년 6월 2일 오전 11:18,
1-1. ElasticSearch 개념 및 구조,2022년 5월 30일 오후 1:36,
1-2. ElasticSearch CURD,2023년 5월 30일 오후 12:37,
1-3. ElasticSearch _bulk API 및 _search API,2023년 5월 30일 오후 5:15,
1-4. ElasticSearch 검색과 쿼리 - QueryDSL,2023년 5월 31일 오후 3:18,
"1-5. ElasticSearch Should, Filter",2023년 5월 31일 오후 5:07,
"1-6. ElasticSearch 정확도 - Relevancy , Score 점수",2023년 5월 31일 오후 4:25,
2-1. Logstash 개념 및 구조,2023년 6월 1일 오전 9:12,
2-2. Data pipeline의 정의,2022년 5월 27일 오후 5:49,
Elasticsearch 특징,2022년 4월 21일 오후 3:28,
"ElasticSearch, Kibana 기본 보안 설정",2023년 6월 8일 오후 5:40,
ELK 란?,2022년 5월 30일 오전 9:07,
"노리(nori) 한글 형태소 분석기와 Dockerfile ",2023년 6월 12일 오후 3:46,